QUARTERBACK,,,,,RUNNING BACK,,,,,WIDE RECEIVER,,,,,TIGHT END,,,
Rank,Player,ADP,Market Score,,Rank,Player,ADP,Market Score,,Rank,Player,ADP,Market Score,,Rank,Player,ADP,Market Score
1,Josh Allen,25,100.0,,1,Bijan Robinson,1,92.1,,1,Jaxon Smith-Njigba,6,100.0,,1,Brock Bowers,20,95.4
2,Jalen Hurts,68,73.2,,2,Jahmyr Gibbs,2,91.3,,2,Puka Nacua,4,98.1,,2,Trey McBride,19,71.9
3,Lamar Jackson,45,71.7,,3,Christian McCaffrey,5,88.6,,3,Ja'Marr Chase,3,83.0,,3,Tucker Kraft,76,63.3
4,Drake Maye,55,65.5,,4,Ashton Jeanty,10,82.3,,4,Amon-Ra St. Brown,8,76.8,,4,Tyler Warren,60,59.5
5,Jaxson Dart,86,64.4,,5,Jonathan Taylor,7,74.8,,5,Justin Jefferson,12,75.9,,5,Colston Loveland,42,56.1
6,Trevor Lawrence,90,55.7,,6,Omarion Hampton,15,74.1,,6,CeeDee Lamb,11,72.1,,6,Harold Fannin,80,51.6
7,Patrick Mahomes,101,54.2,,7,James Cook,9,73.2,,7,Nico Collins,23,70.1,,7,Travis Kelce,109,47.1
8,Jayden Daniels,64,52.7,,8,Chase Brown,17,67.6,,8,AJ Brown,27,68.8,,8,Dalton Kincaid,107,42.6
9,Caleb Williams,77,47.6,,9,De'Von Achane,13,67.5,,9,Tetairoa McMillan,35,67.6,,9,Mark Andrews,122,36.9
10,Justin Herbert,89,44.9,,10,Saquon Barkley,14,66.4,,10,Drake London,16,67.4,,10,Kyle Pitts,84,36.8
11,Brock Purdy,104,37.4,,11,Kenneth Walker,18,64.1,,11,Chris Olave,28,67.0,,11,Oronde Gadsden,123,35.1
12,Joe Burrow,57,37.2,,12,Jeremiyah Love,21,59.7,,12,Zay Flowers,39,65.6,,12,Juwan Johnson,136,34.1
13,Bo Nix,108,35.1,,13,Breece Hall,30,56.9,,13,George Pickens,24,65.2,,13,Sam LaPorta,92,34.0
14,Dak Prescott,88,33.3,,14,Kyren Williams,31,55.4,,14,DeVonta Smith,38,59.2,,14,Dallas Goedert,125,29.2
15,Tyler Shough,132,29.2,,15,Derrick Henry,22,54.0,,15,Emeka Egbuka,44,58.6,,15,Hunter Henry,140,28.6
16,Baker Mayfield,131,22.7,,16,Travis Etienne,34,50.1,,16,Malik Nabers,26,57.6,,16,Chig Okonkwo,145,27.8
17,Kyler Murray,134,21.5,,17,Javonte Williams,33,50.0,,17,Tee Higgins,36,57.3,,17,Jake Ferguson,111,27.7
18,Jared Goff,115,17.9,,18,Josh Jacobs,32,49.5,,18,Rashee Rice,29,56.0,,18,George Kittle,106,26.4
19,Cam Ward,163,17.3,,19,Bucky Irving,43,47.2,,19,Jameson Williams,51,55.9,,19,Isaiah Likely,118,26.0
20,CJ Stroud,152,17.2,,20,Cam Skattebo,46,46.6,,20,Ladd McConkey,40,53.1,,20,Brenton Strange,138,22.7
21,Malik Willis,147,16.8,,21,TreVeyon Henderson,47,42.9,,21,Garrett Wilson,37,52.2,,21,AJ Barner,168,20.5
22,Daniel Jones,177,12.4,,22,Quinshon Judkins,53,36.9,,22,Jaylen Waddle,48,49.8,,22,Kenyon Sadiq,139,19.3
23,Fernando Mendoza,170,12.3,,23,D'Andre Swift,54,36.5,,23,Luther Burden,41,48.0,,23,Dalton Schultz,162,18.1
24,Jordan Love,127,10.0,,24,Jaylen Warren,66,36.5,,24,Carnell Tate,62,44.7,,24,TJ Hockenson,157,1.3
25,Matthew Stafford,102,9.4,,25,David Montgomery,50,35.6,,25,Jordyn Tyson,71,43.4,,,,,
26,Bryce Young,173,8.5,,26,Bhayshul Tuten,58,31.5,,26,DJ Moore,56,42.9,,,,,
27,Sam Darnold,148,3.1,,27,RJ Harvey,65,29.7,,27,Davante Adams,49,40.7,,,,,
,,,,,28,Rhamondre Stevenson,75,28.0,,28,Terry McLaurin,52,40.4,,,,,
,,,,,29,Chuba Hubbard,69,27.6,,29,Rome Odunze,61,39.8,,,,,
,,,,,30,Jadarian Price,73,22.9,,30,Courtland Sutton,74,37.0,,,,,
,,,,,31,Rico Dowdle,83,22.4,,31,Michael Wilson,78,36.7,,,,,
,,,,,32,Tony Pollard,81,21.9,,32,Brian Thomas,67,36.4,,,,,
,,,,,33,Kyle Monangai,87,15.0,,33,Wan'Dale Robinson,98,36.3,,,,,
,,,,,34,Blake Corum,95,13.7,,34,DK Metcalf,70,35.4,,,,,
,,,,,35,Aaron Jones,112,10.5,,35,Christian Watson,63,35.0,,,,,
,,,,,36,Rachaad White,114,10.2,,36,Alec Pierce,79,34.8,,,,,
,,,,,37,Kenny Gainwell,96,9.4,,37,Makai Lemon,82,30.6,,,,,
,,,,,38,JK Dobbins,97,8.1,,38,Parker Washington,85,28.9,,,,,
,,,,,39,Jordan Mason,116,6.1,,39,Marvin Harrison,72,28.5,,,,,
,,,,,40,Jacory Croskey-Merritt,119,0.0,,40,Jakobi Meyers,91,28.1,,,,,
,,,,,,,,,,41,Mike Evans,59,26.7,,,,,
,,,,,,,,,,42,Michael Pittman,99,22.8,,,,,
,,,,,,,,,,43,Romeo Doubs,110,22.2,,,,,
,,,,,,,,,,44,Jordan Addison,100,21.8,,,,,
,,,,,,,,,,45,Quentin Johnston,103,21.1,,,,,
,,,,,,,,,,46,Ricky Pearsall,94,18.2,,,,,
,,,,,,,,,,47,Jayden Reed,105,17.8,,,,,
,,,,,,,,,,48,KC Concepcion,120,17.2,,,,,
,,,,,,,,,,49,Chris Godwin,93,15.8,,,,,
,,,,,,,,,,50,Xavier Worthy,117,15.2,,,,,
,,,,,,,,,,51,Josh Downs,113,11.9,,,,,